alpha,model,train_mse,test_mse,stability
0.0,OLS,0.44904809727566064,1.8987184201916185,0.0695694067489694
0.001,Ridge,0.45666193912257,1.8166439514815909,0.053501471649312037
0.01,Ridge,0.5278991095850005,1.6809975724702606,0.03511496451503028
0.1,Ridge,0.61043169347363,1.6392263920080072,0.03136573904895924
1.0,Ridge,0.6292502885487897,1.6109600498292374,0.03097216384108949
10.0,Ridge,0.7203284344972207,1.5342134931426854,0.031720607191240605
50.0,Ridge,2.1823708531280683,3.3525363839510307,0.04559526238380588
100.0,Ridge,4.989785493133415,7.367109154649748,0.056862443621713096
